icp_rank,company,location,phone,email,website,service_lines,adjacent_service_lines,estimated_size_signal,icp_score,evidence_tier,score_service_fit,score_complexity,score_scale,score_data_confidence,source,source_url,evidence_urls
1,Fusion Waste & Recycling,"Garland, TX | Mesquite, TX | Plano, TX",972-675-7767,service@fusionwaste.com,https://fusionwaste.com/,roll-off | residential | commercial | recycling,construction & demolition | compactor,"400 lbs Best for: Small offices and restaurants, under 25 employees; optional casters available 3-Yard Front Load Dumpster | ~600 lbs Best for: Small businesses and retail, under 50 employees; optional casters available 4-Yard Front Load Dumpster | 00 lbs Best for: Midsize restaurants and retail, under 100 employees; optional casters available 6-Yard Front Load Dumpster",100,High,40,20,20,20,City of Garland — Approved Franchise Haulers | City of Mesquite — Permitted Recycling Haulers | City of Plano — C&D Permitted Haulers | City of Plano — General Permitted Haulers,https://content.civicplus.com/api/assets/a1b2b099-3346-482b-8fd8-e009a14f449b?cache=1800 | https://content.civicplus.com/api/assets/tx-plano/92895e8f-c9f6-4259-88b6-ac913cae7660?cache=1800 | https://www.cityofmesquite.com/2080/Permitted-Recycling-Haulers | https://www.garlandtx.gov/3771/Approved-Hauler-List,https://fusionwaste.com/ | https://fusionwaste.com/dallas/compactor-recycling-service/ | https://fusionwaste.com/dallas/front-load-dumpster-services/ | https://fusionwaste.com/dallas/trash-service/ | https://fusionwaste.com/dumpsters/10-yard/
2,Brazos Valley Recycling,"College Station, TX",979-260-0006,info@bigcompany.com,https://www.bvrwasteandrecycling.com/,roll-off | residential | commercial | recycling,portable toilet | construction & demolition,"ct size for small restaurants and companies with up to 25 employees Get Started Holds: 1,200 pounds Best Use: Ideal for mi | Best Use: Ideal for mid to large businesses with up to 250 employees Get Started Holds: 800 pounds Best Use: Best for midsi | Best for midsize restaurants and companies with up to 100 employees Get Started Holds: 1800 pounds Best Use: Our largest r",98,High,40,20,20,18,City of College Station — Franchised Haulers,https://www.cstx.gov/living-here/trash-and-recycling/commercial-services/,https://www.bvrwasteandrecycling.com/ | https://www.bvrwasteandrecycling.com/_files/ugd/9f9918_d5b7497bb9344dfa8f7da09800e991ba.pdf | https://www.bvrwasteandrecycling.com/commercial-roll-off-dumpsters | https://www.bvrwasteandrecycling.com/front-load-dumpsters | https://www.bvrwasteandrecycling.com/residential-roll-off-dumpsters
3,Frontier Waste Solutions,"College Station, TX | Garland, TX | New Braunfels, TX",210-807-8555,Not verified,https://frontierwaste.com/,roll-off | residential | commercial | recycling,construction & demolition,ct size for small restaurants and companies with up to 25 employees Features We can accommodate a 2 yard container on whee | y Up to 6x a week Best Use Ideal businesses with up to 50 employees Features We can accommodate a 3 yard container on whee | Best for midsize restaurants and companies with up to 100 employees Features We can accommodate a 4 yard container on whee,97,High,40,20,20,17,City of College Station — Franchised Haulers | City of Garland — Approved Franchise Haulers | City of New Braunfels — Permitted Private Haulers,https://www.cstx.gov/living-here/trash-and-recycling/commercial-services/ | https://www.garlandtx.gov/3771/Approved-Hauler-List | https://www.newbraunfels.gov/4032/Community-Resources,https://frontierwaste.com/ | https://frontierwaste.com/austin-trash-pickup-services/ | https://frontierwaste.com/commercial-trash-pickup-service/ | https://frontierwaste.com/corpus-christi-trash-pickup-services/ | https://frontierwaste.com/dallas-trash-pickup-services/
4,Waste Connections,"Austin, TX | Weatherford, TX",844-708-7274,Not verified,https://www.wasteconnections.com/,roll-off | residential | commercial | recycling,construction & demolition,"' L x 3'6"" W x 3'10"" H Ideal for businesses with up to 50 employees. 3 yard dumpster 4 yard commercial dumpster Capacity: | ' L x 6'10"" W x 4'3"" H For large businesses with up to 500 employees. 8 yard dumpster Get Prices Residential Cart Sizes Car",97,High,40,20,20,17,City of Austin — URO Licensed Haulers | City of Weatherford — Approved Commercial Waste Haulers,https://weatherfordtx.gov/3545/Approved-Commercial-Waste-Haulers | https://www.austintexas.gov/resource-recovery/universal-recycling-ordinance-uro-licensed-haulers,https://www.wasteconnections.com/ | https://www.wasteconnections.com/customer-service-broken-container | https://www.wasteconnections.com/customer-service-i-am-moving | https://www.wasteconnections.com/customer-service-missed-pick-up | https://www.wasteconnections.com/dumpster-sizes
5,Frontier Waste Texas,"Weatherford, TX",817-233-9840,Not verified,https://frontierwaste.com/,roll-off | residential | commercial | recycling,construction & demolition,ct size for small restaurants and companies with up to 25 employees Features We can accommodate a 2 yard container on whee | y Up to 6x a week Best Use Ideal businesses with up to 50 employees Features We can accommodate a 3 yard container on whee | Best for midsize restaurants and companies with up to 100 employees Features We can accommodate a 4 yard container on whee,95,High,40,20,20,15,City of Weatherford — Approved Commercial Waste Haulers,https://weatherfordtx.gov/3545/Approved-Commercial-Waste-Haulers,https://frontierwaste.com/ | https://frontierwaste.com/austin-trash-pickup-services/ | https://frontierwaste.com/commercial-trash-pickup-service/ | https://frontierwaste.com/corpus-christi-trash-pickup-services/ | https://frontierwaste.com/dallas-trash-pickup-services/
6,Ranger Waste Management LLC,"Garland, TX",972-413-0365,Not verified,https://rangerwaste.com/,roll-off | residential | commercial,construction & demolition | compactor,-time delivery and fewer headaches for you. ✓ New Hino 338 truck fleet ✓ HYVA Hook Lift hook system ✓ Maintained to the highe,95,High,40,20,20,15,City of Garland — Approved Franchise Haulers,https://www.garlandtx.gov/3771/Approved-Hauler-List,https://rangerwaste.com/ | https://rangerwaste.com/services | https://rangerwaste.com/about | https://rangerwaste.com/contact
7,Waste Connections / IESI / Progressive Waste Solutions,"Garland, TX",972-289-6587,Not verified,https://www.wasteconnections.com/,roll-off | residential | commercial | recycling,construction & demolition,"' L x 3'6"" W x 3'10"" H Ideal for businesses with up to 50 employees. 3 yard dumpster 4 yard commercial dumpster Capacity: | ' L x 6'10"" W x 4'3"" H For large businesses with up to 500 employees. 8 yard dumpster Get Prices Residential Cart Sizes Car",95,High,40,20,20,15,City of Garland — Approved Franchise Haulers,https://www.garlandtx.gov/3771/Approved-Hauler-List,https://www.wasteconnections.com/ | https://www.wasteconnections.com/customer-service-broken-container | https://www.wasteconnections.com/customer-service-i-am-moving | https://www.wasteconnections.com/customer-service-missed-pick-up | https://www.wasteconnections.com/dumpster-sizes
8,Waste Connections of Texas LLC,"Houston, TX",844-708-7274,Not verified,https://www.wasteconnections.com/,roll-off | residential | commercial | recycling,construction & demolition,"' L x 3'6"" W x 3'10"" H Ideal for businesses with up to 50 employees. 3 yard dumpster 4 yard commercial dumpster Capacity: | ' L x 6'10"" W x 4'3"" H For large businesses with up to 500 employees. 8 yard dumpster Get Prices Residential Cart Sizes Car",95,High,40,20,20,15,City of Houston — Franchised Commercial Solid Waste Haulers,https://www.houstontx.gov/ara/franchise/solid_waste_hauler_operators.pdf,https://www.wasteconnections.com/ | https://www.wasteconnections.com/customer-service-broken-container | https://www.wasteconnections.com/customer-service-i-am-moving | https://www.wasteconnections.com/customer-service-missed-pick-up | https://www.wasteconnections.com/dumpster-sizes
9,"Jaguar Waste Management, LLC","Plano, TX",972-535-1918,info@jaguarwastemanagement.com,https://jaguarwastemanagement.com/,roll-off | commercial | recycling,construction & demolition | compactor,Not verified,85,High,40,20,5,20,City of Plano — C&D Permitted Haulers | City of Plano — General Permitted Haulers,https://content.civicplus.com/api/assets/a1b2b099-3346-482b-8fd8-e009a14f449b?cache=1800 | https://content.civicplus.com/api/assets/tx-plano/92895e8f-c9f6-4259-88b6-ac913cae7660?cache=1800,https://jaguarwastemanagement.com/ | https://jaguarwastemanagement.com/about-us/dumpster-sizes-specifications/ | https://jaguarwastemanagement.com/about-us/get-a-free-dumpster-rental-quote-today/ | https://jaguarwastemanagement.com/about-us/service-area/ | https://jaguarwastemanagement.com/about-us/what-can-go-in-our-dumpsters/
10,Astro Waste,"Houston, TX",713-849-3554,info@astrowaste.com,http://www.astrowaste.com/,roll-off | commercial | recycling,construction & demolition | compactor,Not verified,83,High,40,20,5,18,City of Houston — Franchised Commercial Solid Waste Haulers,https://www.houstontx.gov/ara/franchise/solid_waste_hauler_operators.pdf,http://www.astrowaste.com/ | http://www.astrowaste.com/services.html | http://www.astrowaste.com/about-us.html | http://www.astrowaste.com/quote-and-contact-us.html
11,Brazos Valley Trash Valet & Recycling,"College Station, TX",979-777-8968,service@bvtrashvalet.com,http://www.bvtrashvalet.com/,roll-off | residential | commercial | recycling,construction & demolition | compactor,Not verified,83,High,40,20,5,18,City of College Station — Franchised Haulers,https://www.cstx.gov/living-here/trash-and-recycling/commercial-services/,https://www.bvtrashvalet.com/ | https://www.bvtrashvalet.com/multi-family-trash-recycling-service/ | https://www.bvtrashvalet.com/residential-recycling-service/ | https://www.bvtrashvalet.com/residential-trash-recycling-service/ | https://www.bvtrashvalet.com/residential-trash-service/
12,Brimley Site Services LLC,"Weatherford, TX",817-694-3867,customerservice@brimleysiteservices.com,https://www.brimleysiteservices.com/,roll-off | residential | commercial | recycling,construction & demolition,Not verified,83,High,40,20,5,18,City of Weatherford — Approved Commercial Waste Haulers,https://weatherfordtx.gov/3545/Approved-Commercial-Waste-Haulers,https://www.brimleysiteservices.com/ | https://www.brimleysiteservices.com/book-dumpster | https://www.brimleysiteservices.com/dumpster-rental-start | https://www.brimleysiteservices.com/service-areas | https://www.brimleysiteservices.com/service-areas/erath-county-tx
13,Bubba Dumpsters,"Weatherford, TX",817-304-8205,info@bubbadumpsters.com,https://www.bubbadumpsters.com/,roll-off | residential | commercial,construction & demolition,Not verified,83,High,40,20,5,18,City of Weatherford — Approved Commercial Waste Haulers,https://weatherfordtx.gov/3545/Approved-Commercial-Waste-Haulers,https://www.bubbadumpsters.com/
14,Bullseye Site Services,"College Station, TX",979-587-2021,info@bullseyesiteservices.com,http://bullseyesiteservices.com/,roll-off | residential | recycling,construction & demolition,Not verified,83,High,40,20,5,18,City of College Station — Franchised Haulers,https://www.cstx.gov/living-here/trash-and-recycling/commercial-services/,https://www.bullseyesiteservices.com/ | https://www.bullseyesiteservices.com/contact
15,Container Source,"College Station, TX",979-830-5350,sales@containersourceinc.com,https://containersourceinc.com/,roll-off | residential | commercial,construction & demolition,Not verified,83,High,40,20,5,18,City of College Station — Franchised Haulers,https://www.cstx.gov/living-here/trash-and-recycling/commercial-services/,https://containersourceinc.com/ | https://containersourceinc.com/dumpster-rentals/ | https://containersourceinc.com/service-areas/ | https://containersourceinc.com/about/ | https://containersourceinc.com/contact/
16,Control Waste Solutions/Services,"Houston, TX",281-537-8442,service@controlwasteservices.com,https://www.controlwasteservices.com/,roll-off | residential | commercial | recycling,construction & demolition | compactor,Not verified,83,High,40,20,5,18,City of Houston — Franchised Commercial Solid Waste Haulers,https://www.houstontx.gov/ara/franchise/solid_waste_hauler_operators.pdf,https://www.controlwasteservices.com/ | https://www.controlwasteservices.com/delivery-services | https://www.controlwasteservices.com/dumpsters | https://www.controlwasteservices.com/front-load-dumpsters | https://www.controlwasteservices.com/roll-off-containers
17,Custom Recycling Solutions,"Garland, TX",469-994-3768,rich@customrecyclingsolutions.com,https://www.customrecyclingsolutions.com/,roll-off | residential | commercial | recycling,construction & demolition | compactor,Not verified,83,High,40,20,5,18,City of Garland — Approved Franchise Haulers,https://www.garlandtx.gov/3771/Approved-Hauler-List,https://www.customrecyclingsolutions.com/ | https://www.customrecyclingsolutions.com/projects | https://www.customrecyclingsolutions.com/services | https://www.customrecyclingsolutions.com/about-us | https://www.customrecyclingsolutions.com/contact
18,D&A Waste Disposal Services,"Garland, TX",214-418-7018,info@dandawaste.com,https://dandawaste.com/,roll-off | residential | commercial,construction & demolition,Not verified,83,High,40,20,5,18,City of Garland — Approved Franchise Haulers,https://www.garlandtx.gov/3771/Approved-Hauler-List,https://dandawaste.com/ | https://dandawaste.com/construction-dumpster-rental/ | https://dandawaste.com/residential-dumpster-rental/ | https://dandawaste.com/roll-off-dumpster/ | https://dandawaste.com/contact-us/
19,"Delta Solid Waste Management, LLC","Garland, TX",972-877-7798,info@deltawasteservices.com,https://deltawasteservices.com/,roll-off | residential | commercial,construction & demolition,Not verified,83,High,40,20,5,18,City of Garland — Approved Franchise Haulers,https://www.garlandtx.gov/3771/Approved-Hauler-List,https://deltawasteservices.com/ | https://deltawasteservices.com/our-dumpster/ | https://deltawasteservices.com/service-areas/ | https://deltawasteservices.com/about-us/
20,Fresh Can LLC dba Texas Waste Co.,"Houston, TX",832-376-8965,sales@texanwasteservices.com,https://texanwasteservices.com/,roll-off | commercial,construction & demolition | compactor,Not verified,83,High,40,20,5,18,City of Houston — Franchised Commercial Solid Waste Haulers,https://www.houstontx.gov/ara/franchise/solid_waste_hauler_operators.pdf,https://texanwasteservices.com/ | https://texanwasteservices.com/compactor-pull-service/ | https://texanwasteservices.com/dumpster-rental/ | https://texanwasteservices.com/commercial-properties/ | https://texanwasteservices.com/commercial/
21,H D Waste & Recycling LLC,"Garland, TX",214-792-9199,service@hdwastetx.com,https://hdwastetx.com/,roll-off | commercial | recycling,construction & demolition | compactor,Not verified,83,High,40,20,5,18,City of Garland — Approved Franchise Haulers,https://www.garlandtx.gov/3771/Approved-Hauler-List,https://hdwastetx.com/ | https://hdwastetx.com/services-hd/compactor-services/ | https://hdwastetx.com/services-hd/front-load-services/ | https://hdwastetx.com/services-hd/roll-off-services/ | https://hdwastetx.com/about-hd/
22,"Hurricane Waste Systems, LLC","Mesquite, TX",972-251-7177,dispatch@hurricanewaste.com,https://hurricanewaste.com/,roll-off | residential | commercial | recycling,construction & demolition | compactor,Not verified,83,High,40,20,5,18,City of Mesquite — Permitted Recycling Haulers,https://www.cityofmesquite.com/2080/Permitted-Recycling-Haulers,https://hurricanewaste.com/ | https://hurricanewaste.com/roll-off | https://hurricanewaste.com/about | https://hurricanewaste.com/contact-us
23,JJ's Waste & Recycling,"Austin, TX",512-267-9290,austin@jjswaste.com,https://jjswaste.com/,roll-off | commercial | recycling,portable toilet | construction & demolition | compactor,Not verified,83,High,40,20,5,18,City of Austin — URO Licensed Haulers,https://www.austintexas.gov/resource-recovery/universal-recycling-ordinance-uro-licensed-haulers,https://jjswaste.com/ | https://jjswaste.com/about/customer-service/ | https://jjswaste.com/services/cardboard-recycling-services/ | https://jjswaste.com/services/commercial-trash-services/ | https://jjswaste.com/services/compactors/
24,"Lossen Bros, Inc.","College Station, TX",512-845-3076,filler@godaddy.com,https://lossenbrosinc.com/,roll-off | residential | commercial,construction & demolition,Not verified,83,High,40,20,5,18,City of College Station — Franchised Haulers,https://www.cstx.gov/living-here/trash-and-recycling/commercial-services/,https://lossenbrosinc.com/ | https://lossenbrosinc.com/services | https://lossenbrosinc.com/about | https://lossenbrosinc.com/contact-us
25,"Nation Waste, Inc.","Houston, TX",713-649-7776,info@nationwaste.us,https://nationwaste.us/,roll-off | commercial | recycling,portable toilet | construction & demolition,Not verified,83,High,40,20,5,18,City of Houston — Franchised Commercial Solid Waste Haulers,https://www.houstontx.gov/ara/franchise/solid_waste_hauler_operators.pdf,https://nationwaste.us/ | https://nationwaste.us/3-about-us/service-area/ | https://nationwaste.us/our-services/dumpsters-roll-off-containers-compactors/ | https://nationwaste.us/our-services/nation-safety-net/ | https://nationwaste.us/our-services/portable-restrooms-hand-washing-stations-holding-tanks/
26,Pro Star Roll-Off Dumpsters,"New Braunfels, TX",210-737-1002,cs@prostardumpsters.com,https://prostardumpsters.com/,roll-off | residential | commercial | recycling,construction & demolition,Not verified,83,High,40,20,5,18,City of New Braunfels — Permitted Private Haulers,https://www.newbraunfels.gov/4032/Community-Resources,https://prostardumpsters.com/ | https://prostardumpsters.com/service-areas/ | https://prostardumpsters.com/service/commercial-dumpster-rentals/ | https://prostardumpsters.com/service/construction-dumpster-rentals/ | https://prostardumpsters.com/service/residential-dumpster-rentals/
27,Redbox+Of Dallas,"Garland, TX",214-883-6645,info@redboxplus.com,https://www.redboxplus.com/,roll-off | residential | commercial | recycling,portable toilet | construction & demolition,Not verified,83,High,40,20,5,18,City of Garland — Approved Franchise Haulers,https://www.garlandtx.gov/3771/Approved-Hauler-List,https://www.redboxplus.com/ | https://www.redboxplus.com/about/about-our-dumpsters-service/ | https://www.redboxplus.com/about/best-dumpster-rental/ | https://www.redboxplus.com/about/dumpster-rental-blog/ | https://www.redboxplus.com/dumpster-rental-faqs/
28,Scotts Dumpsters,"Weatherford, TX",940-682-1740,scottsdumpsters@gmail.com,https://scottsdumpsters.net/,roll-off | residential | commercial,construction & demolition,Not verified,83,High,40,20,5,18,City of Weatherford — Approved Commercial Waste Haulers,https://weatherfordtx.gov/3545/Approved-Commercial-Waste-Haulers,https://scottsdumpsters.net/ | https://scottsdumpsters.net/dumpster-info | https://scottsdumpsters.net/services | https://scottsdumpsters.net/contact-us
29,Waste Transfer Partners,"Houston, TX",713-882-8850,info@wastetransferpartners.com,https://www.wtpwaste.com/,roll-off | commercial | recycling,construction & demolition | compactor,Not verified,83,High,40,20,5,18,City of Houston — Franchised Commercial Solid Waste Haulers,https://www.houstontx.gov/ara/franchise/solid_waste_hauler_operators.pdf,https://www.wtpwaste.com/ | https://www.wtpwaste.com/services | https://www.wtpwaste.com/blank | https://www.wtpwaste.com/blank-2
30,Advantage Waste Disposal,"Garland, TX | Plano, TX",972-222-2444,Not verified,https://www.advantagewastedisposal.net/,roll-off | residential | commercial | recycling,portable toilet | construction & demolition | compactor,Not verified,82,Medium,40,20,5,17,City of Garland — Approved Franchise Haulers | City of Plano — General Permitted Haulers,https://content.civicplus.com/api/assets/a1b2b099-3346-482b-8fd8-e009a14f449b?cache=1800 | https://www.garlandtx.gov/3771/Approved-Hauler-List,https://www.advantagewastedisposal.net/ | https://www.advantagewastedisposal.net/addison-dumpster-rental-tx | https://www.advantagewastedisposal.net/blog-dallas-dumpster-company | https://www.advantagewastedisposal.net/carrollton-dumpster-rental-tx | https://www.advantagewastedisposal.net/concrete-washout-dumpster-rental
31,Balcones Recycling,"Austin, TX | Garland, TX | Mesquite, TX | Plano, TX",972-481-1400,Not verified,https://www.balconesrecycling.com/,residential | commercial | recycling,construction & demolition,Not verified,82,Medium,40,20,5,17,City of Austin — URO Licensed Haulers | City of Garland — Approved Franchise Haulers | City of Mesquite — Permitted Recycling Haulers | City of Plano — General Permitted Haulers,https://content.civicplus.com/api/assets/a1b2b099-3346-482b-8fd8-e009a14f449b?cache=1800 | https://www.austintexas.gov/resource-recovery/universal-recycling-ordinance-uro-licensed-haulers | https://www.cityofmesquite.com/2080/Permitted-Recycling-Haulers | https://www.garlandtx.gov/3771/Approved-Hauler-List,https://circularservices.com/ | https://circularservices.com/news/circular-services-selected-as-recycling-partner-for-mecklenburg-county-nc/ | https://circularservices.com/our-services/ | https://circularservices.com/our-services/materials-trading/ | https://circularservices.com/our-services/materials-trading/buyers/
32,Community Waste Disposal,"Garland, TX | Plano, TX",972-392-9300,Not verified,https://www.communitywastedisposal.com/,roll-off | residential | commercial | recycling,Not verified,Not verified,82,Medium,40,20,5,17,City of Garland — Approved Franchise Haulers | City of Plano — General Permitted Haulers,https://content.civicplus.com/api/assets/a1b2b099-3346-482b-8fd8-e009a14f449b?cache=1800 | https://www.garlandtx.gov/3771/Approved-Hauler-List,https://www.communitywastedisposal.com/ | https://www.communitywastedisposal.com/customer-service-cwd/ | https://www.communitywastedisposal.com/cwd-services/commercial-dumpster-rental/equipment/ | https://www.communitywastedisposal.com/cwd-services/residential-trash-and-recycling/
33,Supreme Recycling,"Garland, TX | Plano, TX",214-239-9066,Not verified,https://dfwwastehaulers.com/,roll-off | commercial | recycling,construction & demolition | compactor,Not verified,82,Medium,40,20,5,17,City of Garland — Approved Franchise Haulers | City of Plano — C&D Permitted Haulers | City of Plano — General Permitted Haulers,https://content.civicplus.com/api/assets/a1b2b099-3346-482b-8fd8-e009a14f449b?cache=1800 | https://content.civicplus.com/api/assets/tx-plano/92895e8f-c9f6-4259-88b6-ac913cae7660?cache=1800 | https://www.garlandtx.gov/3771/Approved-Hauler-List,https://dfwwastehaulers.com/ | https://dfwwastehaulers.com/dumpster-services/ | https://dfwwastehaulers.com/industrial-waste-services/ | https://dfwwastehaulers.com/recycling-services/ | https://dfwwastehaulers.com/roll-off-dumpster-rentals/
34,Waste Management,"Austin, TX | Garland, TX | Mesquite, TX",214-952-8046,Not verified,http://www.wm.com/,roll-off | residential | commercial | recycling,construction & demolition,Not verified,82,Medium,40,20,5,17,City of Austin — URO Licensed Haulers | City of Garland — Approved Franchise Haulers | City of Mesquite — Permitted Recycling Haulers,https://www.austintexas.gov/resource-recovery/universal-recycling-ordinance-uro-licensed-haulers | https://www.cityofmesquite.com/2080/Permitted-Recycling-Haulers | https://www.garlandtx.gov/3771/Approved-Hauler-List,https://www.wm.com/ | https://www.wm.com/us/en/dumpster-rental | https://www.wm.com/us/en/home/residential-waste-recycling-pickup | https://www.wm.com/us/en/mywm/my-services/view-pickup-eta
35,Break It Down,"Austin, TX",512-497-3477,Not verified,https://www.breakitdownaustin.com/,roll-off | residential | commercial | recycling,Not verified,Not verified,80,Medium,40,20,5,15,City of Austin — URO Licensed Haulers,https://www.austintexas.gov/resource-recovery/universal-recycling-ordinance-uro-licensed-haulers,https://breakitdowntexas.com/ | https://breakitdowntexas.com/break-it-down-an-inside-look-at-our-services-methodology/ | https://breakitdowntexas.com/composting-and-recycling/ | https://breakitdowntexas.com/commercial-composting/
36,EZ Waste,"Houston, TX",713-514-0255,Not verified,https://ezwasteinc.com/,roll-off | residential | commercial | recycling,construction & demolition,Not verified,80,Medium,40,20,5,15,City of Houston — Franchised Commercial Solid Waste Haulers,https://www.houstontx.gov/ara/franchise/solid_waste_hauler_operators.pdf,https://ezwasteinc.com/ | https://ezwasteinc.com/10-yard-low-boy-dumpster/ | https://ezwasteinc.com/10-yard-mini-dumpster/ | https://ezwasteinc.com/20-yard-dumpster/ | https://ezwasteinc.com/20-yard-mini-dumpster/
37,Gainsborough Waste,"Houston, TX",713-785-8050,Not verified,https://www.gainsboroughwaste.com/,roll-off | residential | commercial | recycling,construction & demolition,Not verified,80,Medium,40,20,5,15,City of Houston — Franchised Commercial Solid Waste Haulers,https://www.houstontx.gov/ara/franchise/solid_waste_hauler_operators.pdf,https://www.gainsboroughwaste.com/ | https://www.gainsboroughwaste.com/commercial-collection-services/ | https://www.gainsboroughwaste.com/emergency-services/ | https://www.gainsboroughwaste.com/special-events-waste-management/
38,Laroles Qmbs LLC DBA College Hunks Hauling Junk and Moving,"Garland, TX",469-456-3191,Not verified,https://www.collegehunkshaulingjunk.com/,residential | commercial | recycling,construction & demolition,Not verified,80,Medium,40,20,5,15,City of Garland — Approved Franchise Haulers,https://www.garlandtx.gov/3771/Approved-Hauler-List,https://www.collegehunkshaulingjunk.com/ | https://www.collegehunkshaulingjunk.com/labor/ | https://www.collegehunkshaulingjunk.com/moving/ | https://www.collegehunkshaulingjunk.com/moving/commercial-moving-services/ | https://www.collegehunkshaulingjunk.com/moving/residential-moving/
39,Parker Waste Services,"Weatherford, TX",817-938-1504,Not verified,https://www.parkerwasteservices.com/,roll-off | residential | recycling,construction & demolition,Not verified,80,Medium,40,20,5,15,City of Weatherford — Approved Commercial Waste Haulers,https://weatherfordtx.gov/3545/Approved-Commercial-Waste-Haulers,https://www.parkerwasteservices.com/ | https://www.parkerwasteservices.com/copy-of-dumpster-rental-guidlines | https://www.parkerwasteservices.com/dumpster-rental-guidlines | https://www.parkerwasteservices.com/holiday-service-days
40,S&H Waste Services,"Garland, TX",972-682-3727,Not verified,https://www.shwaste.com/,roll-off | commercial | recycling,portable toilet | construction & demolition,Not verified,80,Medium,40,20,5,15,City of Garland — Approved Franchise Haulers,https://www.garlandtx.gov/3771/Approved-Hauler-List,https://www.shwaste.com/ | https://www.shwaste.com/services | https://www.shwaste.com/services-4 | https://www.shwaste.com/our-trucks-teams
41,Texas Commercial Waste,"College Station, TX",979-775-7171,Not verified,http://www.texascommercialwaste.com/,roll-off | residential | commercial | recycling,portable toilet | construction & demolition,Not verified,80,Medium,40,20,5,15,City of College Station — Franchised Haulers,https://www.cstx.gov/living-here/trash-and-recycling/commercial-services/,https://www.texascommercialwaste.com/ | https://www.texascommercialwaste.com/bags-rural-services | https://www.texascommercialwaste.com/commercial-waste-services | https://www.texascommercialwaste.com/dumpster-rental | https://www.texascommercialwaste.com/municipal-services
42,The Dumpster Guyss,"Houston, TX",281-659-1700,Not verified,https://www.thedumpsterguys.com/,roll-off | residential | commercial,construction & demolition,Not verified,80,Medium,40,20,5,15,City of Houston — Franchised Commercial Solid Waste Haulers,https://www.houstontx.gov/ara/franchise/solid_waste_hauler_operators.pdf,https://www.thedumpsterguys.com/ | https://www.thedumpsterguys.com/dumpsters | https://www.thedumpsterguys.com/contact-us
43,Waste Falcon,"College Station, TX",877-779-2783,Not verified,https://wastefalcon.com/,roll-off | residential | commercial | recycling,construction & demolition,Not verified,80,Medium,40,20,5,15,City of College Station — Franchised Haulers,https://www.cstx.gov/living-here/trash-and-recycling/commercial-services/,https://wastefalcon.com/ | https://wastefalcon.com/dumpster-sizes/ | https://wastefalcon.com/service-areas/ | https://wastefalcon.com/services/ | https://wastefalcon.com/services/commercial-dumpster-rental/
44,Z Sites Services,"College Station, TX",281-688-6941,Not verified,http://www.zsites.com/,roll-off | residential | commercial,portable toilet | construction & demolition,Not verified,80,Medium,40,20,5,15,City of College Station — Franchised Haulers,https://www.cstx.gov/living-here/trash-and-recycling/commercial-services/,https://www.zsites.com/ | https://www.zsites.com/construction-site-services | https://www.zsites.com/construction-site-services/all-about-storage-containers | https://www.zsites.com/construction-site-services/benefits-of-temporary-fencing | https://www.zsites.com/construction-site-services/temporary-fence-rental-guide
45,Caffey & Sons,"College Station, TX",979-820-1322,info@caffeyandsons.com,https://www.caffeyandsons.com/,residential | commercial,construction & demolition,Not verified,79,High,40,16,5,18,City of College Station — Franchised Haulers,https://www.cstx.gov/living-here/trash-and-recycling/commercial-services/,https://www.caffeyandsons.com/ | https://www.caffeyandsons.com/about-us-1 | https://www.caffeyandsons.com/contact-us
46,Discount Dumpsters LLC,"Garland, TX",972-900-3867,office@discountdumpstersdfw.com,https://discountdumpstersdfw.com/,roll-off | commercial,construction & demolition,Not verified,79,High,40,16,5,18,City of Garland — Approved Franchise Haulers,https://www.garlandtx.gov/3771/Approved-Hauler-List,https://discountdumpstersdfw.com/ | https://discountdumpstersdfw.com/our-dumpsters/ | https://discountdumpstersdfw.com/contact/
47,Drop & Go Dumpsters,"College Station, TX",979-807-4522,info@dropandgodumpsters.com,https://dropandgodumpsters.com/,roll-off | commercial,construction & demolition,Not verified,79,High,40,16,5,18,City of College Station — Franchised Haulers,https://www.cstx.gov/living-here/trash-and-recycling/commercial-services/,https://dropandgodumpsters.com/ | https://dropandgodumpsters.com/dumpster-sizes/ | https://dropandgodumpsters.com/about/
48,Moonshot Compost,"Austin, TX",855-544-1885,info@moonshotcompost.com,https://www.moonshotcompost.com/,residential | commercial | recycling,Not verified,Not verified,79,High,40,16,5,18,City of Austin — URO Licensed Haulers,https://www.austintexas.gov/resource-recovery/universal-recycling-ordinance-uro-licensed-haulers,https://www.moonshotcompost.com/ | https://www.moonshotcompost.com/service-areas | https://www.moonshotcompost.com/residential | https://www.moonshotcompost.com/about
49,Precision Demolition,"Plano, TX",972-434-0800,info@precisiondemolition.com,https://www.precisiondemolition.com/,commercial | recycling,construction & demolition,Not verified,79,High,40,16,5,18,City of Plano — C&D Permitted Haulers,https://content.civicplus.com/api/assets/tx-plano/92895e8f-c9f6-4259-88b6-ac913cae7660?cache=1800,https://www.precisiondemolition.com/ | https://www.precisiondemolition.com/services | https://www.precisiondemolition.com/contact-us-1
50,Rocking H Dumpsters,"College Station, TX",979-398-2755,rhdumpsters@gmail.com,https://rockinghdumpsters.com/,roll-off | recycling,construction & demolition,Not verified,79,High,40,16,5,18,City of College Station — Franchised Haulers,https://www.cstx.gov/living-here/trash-and-recycling/commercial-services/,https://www.rockinghdumpsters.com/ | https://www.rockinghdumpsters.com/category/dumpsters/ | https://www.rockinghdumpsters.com/dumpster-rental-bremond-tx/ | https://www.rockinghdumpsters.com/dumpster-rental-bryan-tx/ | https://www.rockinghdumpsters.com/dumpster-rental-calvert-tx/
51,Safety Kleen Systems Inc.,"Denton, TX",781-792-5000,supplierdiversity@cleanharbors.com,https://www.safety-kleen.com/,commercial | recycling,construction & demolition,Not verified,79,High,40,16,5,18,City of Denton — 2026 Permitted Waste Haulers,https://www.cityofdenton.com/DocumentCenter/View/14323,https://www.safety-kleen.com/ | https://www.safety-kleen.com/about-us/vendor-resources | https://www.safety-kleen.com/services | https://www.safety-kleen.com/services/compliance-services | https://www.safety-kleen.com/services/compliance-services/compliance-training
52,United Site Solutions,"College Station, TX",979-777-4711,office@unitedsitesolutions.com,https://www.unitedsitesolutions.co/,residential | commercial,construction & demolition,Not verified,79,High,40,16,5,18,City of College Station — Franchised Haulers,https://www.cstx.gov/living-here/trash-and-recycling/commercial-services/,https://www.unitedsitesolutions.co/ | https://www.unitedsitesolutions.co/services/concrete-driveways | https://www.unitedsitesolutions.co/services/concrete-patios | https://www.unitedsitesolutions.co/services/concrete-slabs | https://www.unitedsitesolutions.co/services/foundations
53,Williamson Waste Services LLC dba Redbox ofSouthwest Houston and Galveston County,"Houston, TX",Not verified,info@redboxplus.com,https://www.redboxplus.com/,roll-off | residential | commercial | recycling,portable toilet | construction & demolition,Not verified,79,Medium,40,20,5,14,City of Houston — Franchised Commercial Solid Waste Haulers,https://www.houstontx.gov/ara/franchise/solid_waste_hauler_operators.pdf,https://www.redboxplus.com/ | https://www.redboxplus.com/about/about-our-dumpsters-service/ | https://www.redboxplus.com/about/best-dumpster-rental/ | https://www.redboxplus.com/about/dumpster-rental-blog/ | https://www.redboxplus.com/dumpster-rental-faqs/
54,Liquid Environmental Solutions,"Denton, TX",817-675-2259,customerservice@liquidenviro.com,https://www.liquidenviro.com,recycling,Not verified,1020 Employees,77,High,35,7,20,15,City of Denton — 2026 Permitted Waste Haulers,https://www.cityofdenton.com/DocumentCenter/View/14323,
55,"Central Texas Refuse, Inc.","Austin, TX",844-737-8254,Not verified,http://www.centraltexasrefuse.com/,roll-off | residential | recycling,Not verified,Not verified,76,Medium,40,16,5,15,City of Austin — URO Licensed Haulers,https://www.austintexas.gov/resource-recovery/universal-recycling-ordinance-uro-licensed-haulers,https://www.republicservices.com | https://www.republicservices.com/customer-support/residential-service-terms | https://www.republicservices.com/environmental-service-terms-conditions | https://www.republicservices.com/service-alerts | https://www.republicservices.com/residents
56,Geomet Recycling,"Plano, TX",972-805-1436,Not verified,https://geometrecycle.com/,residential | commercial | recycling,Not verified,Not verified,76,Medium,40,16,5,15,City of Plano — General Permitted Haulers,https://content.civicplus.com/api/assets/a1b2b099-3346-482b-8fd8-e009a14f449b?cache=1800,https://geometrecycle.com/ | https://geometrecycle.com/dallas-metal-recycling-center/ | https://geometrecycle.com/about/ | https://geometrecycle.com/about/community-involvement/ | https://geometrecycle.com/contact/
57,Republic Waste Services / Allied Waste / Duncan Disposal,"Garland, TX",972-422-2341,Not verified,https://www.republicservices.com/,roll-off | residential | recycling,Not verified,Not verified,76,Medium,40,16,5,15,City of Garland — Approved Franchise Haulers,https://www.garlandtx.gov/3771/Approved-Hauler-List,https://www.republicservices.com/ | https://www.republicservices.com/customer-support/residential-service-terms | https://www.republicservices.com/environmental-service-terms-conditions | https://www.republicservices.com/service-alerts | https://www.republicservices.com/residents
58,GFL Environmental,"Austin, TX",Not verified,Not verified,https://gflenv.com/,roll-off | residential | commercial | recycling,construction & demolition,Not verified,76,Medium,40,20,5,11,City of Austin — URO Licensed Haulers,https://www.austintexas.gov/resource-recovery/universal-recycling-ordinance-uro-licensed-haulers,https://gflenv.com/ | https://gflenv.com/our-services/ | https://gflenv.com/our-services/for-business/ | https://gesi.gflenv.com/en/services/other-services/commercial-hazardous-waste | https://gesi.gflenv.com/en/services/field-industrial-services
59,"Organics ""By Gosh""","Austin, TX",Not verified,Not verified,http://www.organicsbygosh.com/,residential | commercial | recycling,construction & demolition,Not verified,76,Medium,40,20,5,11,City of Austin — URO Licensed Haulers,https://www.austintexas.gov/resource-recovery/universal-recycling-ordinance-uro-licensed-haulers,https://www.organicsbygosh.com/ | https://www.organicsbygosh.com/brush-wood-recycling | https://www.organicsbygosh.com/commercial-landscaping | https://www.organicsbygosh.com/organics-recycling | https://www.organicsbygosh.com/about-obg
60,Sprint Waste Services,"Houston, TX",Not verified,Not verified,https://gflenv.com/,roll-off | residential | commercial | recycling,construction & demolition,Not verified,76,Medium,40,20,5,11,City of Houston — Franchised Commercial Solid Waste Haulers,https://www.houstontx.gov/ara/franchise/solid_waste_hauler_operators.pdf,https://gflenv.com/ | https://gflenv.com/our-services/ | https://gflenv.com/our-services/for-business/ | https://gesi.gflenv.com/en/services/other-services/commercial-hazardous-waste | https://gesi.gflenv.com/en/services/field-industrial-services
61,Waste Corporation of Texas LP,"Houston, TX",Not verified,Not verified,https://gflenv.com/,roll-off | residential | commercial | recycling,construction & demolition,Not verified,76,Medium,40,20,5,11,City of Houston — Franchised Commercial Solid Waste Haulers,https://www.houstontx.gov/ara/franchise/solid_waste_hauler_operators.pdf,https://gflenv.com/ | https://gflenv.com/our-services/ | https://gflenv.com/our-services/for-business/ | https://gesi.gflenv.com/en/services/other-services/commercial-hazardous-waste | https://gesi.gflenv.com/en/services/field-industrial-services
62,"Crystal Clean, LLC","Denton, TX",847-836-5670,vpyportal@crystal-clean.com,https://www.crystal-clean.com/,commercial | recycling,Not verified,Not verified,75,High,40,12,5,18,City of Denton — 2026 Permitted Waste Haulers,https://www.cityofdenton.com/DocumentCenter/View/14323,https://www.crystal-clean.com/ | https://www.crystal-clean.com/car-wash-waste-services/ | https://www.crystal-clean.com/industrial-services/ | https://www.crystal-clean.com/managing-antifreeze-waste-across-service-bays-guide/ | https://www.crystal-clean.com/renewable-solution/hazardous-waste-landfill-services/
63,GreenThumb Compost LLC,"Austin, TX",512-369-0998,info@greenthumbcompost.com,http://greenthumbcompost.com/,commercial | recycling,Not verified,Not verified,75,High,40,12,5,18,City of Austin — URO Licensed Haulers,https://www.austintexas.gov/resource-recovery/universal-recycling-ordinance-uro-licensed-haulers,https://www.greenthumbcompost.com/
64,TAYS Waste and Recycling LLC,"Houston, TX",210-648-1427,austin@jjswaste.com,https://jjswaste.com,roll-off; residential; commercial; recycling,portable toilet,800 vehicles,72,High,30,7,20,15,City of Houston — Franchised Commercial Solid Waste Haulers,https://www.houstontx.gov/ara/franchise/solid_waste_hauler_operators.pdf,
65,Houston Waste Solutions,"Houston, TX",877-642-3702,info@fccenvironmental.com,https://fccenvironmental.com,residential; commercial; recycling,Not verified,200+ vehicles,68,High,30,3,20,15,City of Houston — Franchised Commercial Solid Waste Haulers,https://www.houstontx.gov/ara/franchise/solid_waste_hauler_operators.pdf,
66,Premier Waste Services LLC Moore Waste & Recycling Services-FCC,"Garland, TX",214-634-1831,info@fccenvironmental.com,https://fccenvironmental.com,residential; commercial; recycling,Not verified,200+ vehicles,68,High,30,3,20,15,City of Garland — Approved Franchise Haulers,https://www.garlandtx.gov/3771/Approved-Hauler-List,
67,Eco Waste & Recycling LLC,"Houston, TX",Not verified,Not verified,https://www.ecowasteandrecycling.org/,residential | recycling,Not verified,Not verified,68,Medium,40,12,5,11,City of Houston — Franchised Commercial Solid Waste Haulers,https://www.houstontx.gov/ara/franchise/solid_waste_hauler_operators.pdf,https://www.ecowasteandrecycling.org/ | https://www.ecowasteandrecycling.org/category/recycling/ | https://www.ecowasteandrecycling.org/how-to-recycle-old-electric-appliances-and-devices-creative-tips/ | https://www.ecowasteandrecycling.org/about-me/ | https://www.ecowasteandrecycling.org/contact-us/
68,Consolidated waste dab Liquid Waste Solutions,"Houston, TX",866-413-9494,info@southwaste.com,https://southwaste.com,commercial; recycling,septic,operate 14,66,High,30,7,14,15,City of Houston — Franchised Commercial Solid Waste Haulers,https://www.houstontx.gov/ara/franchise/solid_waste_hauler_operators.pdf,
69,South Waste Disposal,"Houston, TX",866-413-9494,info@southwaste.com,https://southwaste.com,commercial; recycling,septic,operate 14,66,High,30,7,14,15,City of Houston — Franchised Commercial Solid Waste Haulers,https://www.houstontx.gov/ara/franchise/solid_waste_hauler_operators.pdf,
70,Southwaste,"Denton, TX",972-406-1215,info@southwaste.com,https://southwaste.com,commercial; recycling,septic,operate 14,66,High,30,7,14,15,City of Denton — 2026 Permitted Waste Haulers,https://www.cityofdenton.com/DocumentCenter/View/14323,
71,Howdy Disposal,"College Station, TX",877-894-6939,info@howdyenterprise.com,https://howdyenterprise.com/,roll-off,Not verified,Not verified,65,High,35,7,5,18,City of College Station — Franchised Haulers,https://www.cstx.gov/living-here/trash-and-recycling/commercial-services/,https://howdyenterprise.com/ | https://howdyenterprise.com/howdy-field-services/
72,R&R- Firefighter Dumpster,"Weatherford, TX",817-487-1980,rrdumpsters@gmail.com,https://firefighterdumpstersofparkerco.com/,roll-off,Not verified,Not verified,65,High,35,7,5,18,City of Weatherford — Approved Commercial Waste Haulers,https://weatherfordtx.gov/3545/Approved-Commercial-Waste-Haulers,https://firefighterdumpstersofparkerco.com/ | https://firefighterdumpstersofparkerco.com/contact/
73,Global Waste Services,"Houston, TX",Not verified,support@dumpstersidekick.com,https://dumpstersidekick.com,roll-off,portable toilet,Not verified,63,Medium,35,12,5,11,City of Houston — Franchised Commercial Solid Waste Haulers,https://www.houstontx.gov/ara/franchise/solid_waste_hauler_operators.pdf,
74,Liberty Tires Recycling DBA All American Tire Recyclers,"Denton, TX",817-779-4360,anna@aatr.biz,https://www.allamericantirerecycling.com,recycling,Not verified,Not verified,62,High,35,7,5,15,City of Denton — 2026 Permitted Waste Haulers,https://www.cityofdenton.com/DocumentCenter/View/14323,
75,Smurfit Kappa North America,"Plano, TX",972-494-4059,Not verified,https://www.smurfitkappa.com,recycling,Not verified,000 employees,62,High,35,7,8,12,City of Plano — General Permitted Haulers,https://content.civicplus.com/api/assets/a1b2b099-3346-482b-8fd8-e009a14f449b?cache=1800,
76,Hippo waste systems,"Houston, TX",281-219-3433,Not verified,https://www.hippowaste.com/,recycling,Not verified,Not verified,62,Medium,35,7,5,15,City of Houston — Franchised Commercial Solid Waste Haulers,https://www.houstontx.gov/ara/franchise/solid_waste_hauler_operators.pdf,https://www.hippowaste.com/ | https://www.hippowaste.com/services | https://www.hippowaste.com/recycling | https://www.hippowaste.com/about_us | https://www.hippowaste.com/contact_us
77,Shapiro Metals,"Denton, TX",636-699-5030,Not verified,https://shapirometals.com/,recycling,Not verified,Not verified,62,Medium,35,7,5,15,City of Denton — 2026 Permitted Waste Haulers,https://www.cityofdenton.com/DocumentCenter/View/14323,https://shapirometals.com/ | https://shapirometals.com/sustainability-solutions/industrial-recycling | https://shapirometals.com/sustainability-solutions/closed-loop-recycling | https://shapirometals.com/about
78,Smurfit Kappa,"Mesquite, TX",972-494-4059,Not verified,https://www.smurfitkappa.com/,recycling,Not verified,Not verified,62,Medium,35,7,5,15,City of Mesquite — Permitted Recycling Haulers,https://www.cityofmesquite.com/2080/Permitted-Recycling-Haulers,https://www.smurfitkappa.com/ | https://www.smurfitkappa.com/products-and-services | https://www.smurfitkappa.com/products-and-services/bag-in-box | https://www.smurfitkappa.com/products-and-services/containerboard | https://www.smurfitkappa.com/products-and-services/displays
79,Marathon Waste Services LLC,"Houston, TX",Not verified,Not verified,https://loadwrap.com,commercial solid waste franchise; reverify current status,Not verified,operate 512,61,Medium,30,3,20,8,City of Houston — Franchised Commercial Solid Waste Haulers,https://www.houstontx.gov/ara/franchise/solid_waste_hauler_operators.pdf,
80,Cleburne Metal Works LLC d/b/a Cleburn Sheet Metal,"Plano, TX",817-237-5060,Not verified,https://envlogs.com,recycling,Not verified,Not verified,59,Medium,35,7,5,12,City of Plano — C&D Permitted Haulers,https://content.civicplus.com/api/assets/tx-plano/92895e8f-c9f6-4259-88b6-ac913cae7660?cache=1800,
81,Conex Recycling Corporation,"Plano, TX",866-879-2663,Not verified,http://www.conexrecycling.com,recycling,Not verified,Not verified,59,Medium,35,7,5,12,City of Plano — General Permitted Haulers,https://content.civicplus.com/api/assets/a1b2b099-3346-482b-8fd8-e009a14f449b?cache=1800,
82,Environmental Oil Recovery Inc,"Denton, TX",903-660-3177,Not verified,http://environmentaloilrecovery.com,recycling,Not verified,Not verified,59,Medium,35,7,5,12,City of Denton — 2026 Permitted Waste Haulers,https://www.cityofdenton.com/DocumentCenter/View/14323,
83,Maroon Dumpsters,"College Station, TX",979-595-6446,Not verified,https://maroondumpsters1.gosite.com,roll-off,Not verified,Not verified,59,Medium,35,7,5,12,City of College Station — Franchised Haulers,https://www.cstx.gov/living-here/trash-and-recycling/commercial-services/,
84,Rapid Waste Solutions of Texas LLC,"Houston, TX",281-259-8989,Not verified,https://rapidwastesolutionsoftexas.godaddysites.com,roll-off,Not verified,Not verified,59,Medium,35,7,5,12,City of Houston — Franchised Commercial Solid Waste Haulers,https://www.houstontx.gov/ara/franchise/solid_waste_hauler_operators.pdf,
85,Sunbelt Industrial Services,"Denton, TX",972-492-5108,Not verified,https://sun-belt.com,recycling,Not verified,Not verified,59,Medium,35,7,5,12,City of Denton — 2026 Permitted Waste Haulers,https://www.cityofdenton.com/DocumentCenter/View/14323,
86,Univar Solutions USA LLC,"Denton, TX",972-840-6902,Not verified,https://locator.wastebits.com,recycling,Not verified,Not verified,59,Medium,35,7,5,12,City of Denton — 2026 Permitted Waste Haulers,https://www.cityofdenton.com/DocumentCenter/View/14323,
87,US Ecology Transportation Solutions,"Denton, TX",734-521-8104,Not verified,https://locator.wastebits.com,recycling,Not verified,Not verified,59,Medium,35,7,5,12,City of Denton — 2026 Permitted Waste Haulers,https://www.cityofdenton.com/DocumentCenter/View/14323,
88,"BJS Services, Inc","Denton, TX",972-412-5897,kayleigh@bjsservicesinc.com,https://www.bjs-services-inc.com,Denton permitted waste hauler,septic,Not verified,57,Medium,30,7,5,15,City of Denton — 2026 Permitted Waste Haulers,https://www.cityofdenton.com/DocumentCenter/View/14323,
89,Okon Metals Inc.,"Garland, TX | Plano, TX",214-426-6566,info@scrapmonster.com,https://www.scrapmonster.com,residential; recycling,Not verified,Not verified,55,High,30,3,5,17,City of Garland — Approved Franchise Haulers | City of Plano — General Permitted Haulers,https://content.civicplus.com/api/assets/a1b2b099-3346-482b-8fd8-e009a14f449b?cache=1800 | https://www.garlandtx.gov/3771/Approved-Hauler-List,
90,Waste Advantage,"Plano, TX | Weatherford, TX",817-478-1288,dispatch@wasteadvantagetx.com,https://wasteadvantagetx.com,roll-off; commercial; recycling,Not verified,Not verified,55,High,30,3,5,17,City of Plano — C&D Permitted Haulers | City of Plano — General Permitted Haulers | City of Weatherford — Approved Commercial Waste Haulers,https://content.civicplus.com/api/assets/a1b2b099-3346-482b-8fd8-e009a14f449b?cache=1800 | https://content.civicplus.com/api/assets/tx-plano/92895e8f-c9f6-4259-88b6-ac913cae7660?cache=1800 | https://weatherfordtx.gov/3545/Approved-Commercial-Waste-Haulers,
91,Texas Disposal Systems,"Austin, TX | Houston, TX | New Braunfels, TX",800-375-8375,Not verified,https://www.texasdisposal.com/,"Austin URO licensed private hauler | Commercial Recycling, Construction, Yard Debris | commercial solid waste franchise; reverify current status",Not verified,Not verified,55,Medium,30,3,5,17,City of Austin — URO Licensed Haulers | City of Houston — Franchised Commercial Solid Waste Haulers | City of New Braunfels — Permitted Private Haulers,https://www.austintexas.gov/resource-recovery/universal-recycling-ordinance-uro-licensed-haulers | https://www.houstontx.gov/ara/franchise/solid_waste_hauler_operators.pdf | https://www.newbraunfels.gov/4032/Community-Resources,https://www.texasdisposal.com/
92,No. Valicor Environmental Services,"Denton, TX",972-225-6500,Not verified,https://www.valicor.com,residential; recycling,septic,Not verified,54,Medium,30,7,5,12,City of Denton — 2026 Permitted Waste Haulers,https://www.cityofdenton.com/DocumentCenter/View/14323,
93,Sunbelt Disposal& Recycling,"Plano, TX",214-217-0335,Not verified,https://sunbeltdisposal.com,roll-off; residential; commercial; recycling,portable toilet,Not verified,54,Medium,30,7,5,12,City of Plano — C&D Permitted Haulers,https://content.civicplus.com/api/assets/tx-plano/92895e8f-c9f6-4259-88b6-ac913cae7660?cache=1800,
94,"Versatile Industries V, Inc.","Plano, TX",432-212-7898,Not verified,https://versatilev.com,roll-off; commercial; recycling,portable toilet,Not verified,54,Medium,30,7,5,12,City of Plano — C&D Permitted Haulers,https://content.civicplus.com/api/assets/tx-plano/92895e8f-c9f6-4259-88b6-ac913cae7660?cache=1800,
95,Waste Connections d/b/a Rhino Removal,"Plano, TX",972-996-5550,Not verified,https://www.rhinoremoval.com,roll-off; residential; commercial; recycling,portable toilet,Not verified,54,Medium,30,7,5,12,City of Plano — General Permitted Haulers,https://content.civicplus.com/api/assets/a1b2b099-3346-482b-8fd8-e009a14f449b?cache=1800,
96,Pinkston Wastewater,"Denton, TX",940-383-1112,Not verified,https://septic-tanks-installation-and-repair-services.cmac.ws,Denton permitted waste hauler,septic,Not verified,54,Medium,30,7,5,12,City of Denton — 2026 Permitted Waste Haulers,https://www.cityofdenton.com/DocumentCenter/View/14323,
97,Aco Waste Solution,"Houston, TX",254-652-4024,info@wacowastesolutions.com,https://www.wacowastesolutions.com,roll-off; residential; commercial; recycling,Not verified,Not verified,53,High,30,3,5,15,City of Houston — Franchised Commercial Solid Waste Haulers,https://www.houstontx.gov/ara/franchise/solid_waste_hauler_operators.pdf,
98,Bin There Dump That Dallas-Metro,"Plano, TX",214-918-8446,info@bintheredumpthat.com,https://www.bintheredumpthat.com,roll-off; residential; commercial,Not verified,Not verified,53,High,30,3,5,15,City of Plano — General Permitted Haulers,https://content.civicplus.com/api/assets/a1b2b099-3346-482b-8fd8-e009a14f449b?cache=1800,
99,Commercial Metal,"Plano, TX",214-689-3500,info@greenmetalrecycles.com,https://greenmetalrecycles.com,roll-off; commercial; recycling,Not verified,Not verified,53,High,30,3,5,15,City of Plano — General Permitted Haulers,https://content.civicplus.com/api/assets/a1b2b099-3346-482b-8fd8-e009a14f449b?cache=1800,
100,Dallas Recycling,"Denton, TX",214-634-1831,info@recyclerevolutiondallas.com,https://recyclerevolutiondallas.com,residential; commercial; recycling,Not verified,Not verified,53,High,30,3,5,15,City of Denton — 2026 Permitted Waste Haulers,https://www.cityofdenton.com/DocumentCenter/View/14323,
101,EnviroServe Inc,"Denton, TX",817-483-8181,service-requests@enviroserve.com,https://enviroserve.com,commercial; recycling,Not verified,Not verified,53,High,30,3,5,15,City of Denton — 2026 Permitted Waste Haulers,https://www.cityofdenton.com/DocumentCenter/View/14323,
102,"MC3 Metal, LLC","Plano, TX",214-417-3464,info@mc3metals.com,https://mc3metals.com,roll-off; recycling,Not verified,Not verified,53,High,30,3,5,15,City of Plano — General Permitted Haulers,https://content.civicplus.com/api/assets/a1b2b099-3346-482b-8fd8-e009a14f449b?cache=1800,
103,MGM Waste,"Houston, TX",713-731-0204,info@mgmwaste.com,https://mgmwaste.com,roll-off; commercial,Not verified,Not verified,53,High,30,3,5,15,City of Houston — Franchised Commercial Solid Waste Haulers,https://www.houstontx.gov/ara/franchise/solid_waste_hauler_operators.pdf,
104,"Northstar Environmental Group, Inc.","Denton, TX",615-451-4867,northstarwmjunk@gmail.com,https://www.northstarjunkdfw.com,residential; commercial,Not verified,Not verified,53,High,30,3,5,15,City of Denton — 2026 Permitted Waste Haulers,https://www.cityofdenton.com/DocumentCenter/View/14323,
105,Recycle Revolution,"Plano, TX",214-566-3025,info@recyclerevolutiondallas.com,https://recyclerevolutiondallas.com,residential; commercial; recycling,Not verified,Not verified,53,High,30,3,5,15,City of Plano — General Permitted Haulers,https://content.civicplus.com/api/assets/a1b2b099-3346-482b-8fd8-e009a14f449b?cache=1800,
106,Renegade Roll-offs and Hauling DBA Envirohauling Services,"Denton, TX",817-368-4210,Rebecca@envirohauling.com,https://envirohauling.com,roll-off; residential; commercial; recycling,Not verified,Not verified,53,High,30,3,5,15,City of Denton — 2026 Permitted Waste Haulers,https://www.cityofdenton.com/DocumentCenter/View/14323,
107,Trash Junky,"Garland, TX",214-507-5865,info@junknorthdfw.com,https://www.junknorthdfw.com,roll-off; residential; commercial; recycling,Not verified,Not verified,53,High,30,3,5,15,City of Garland — Approved Franchise Haulers,https://www.garlandtx.gov/3771/Approved-Hauler-List,
108,Waste Advantage LLC / Empire Disposal,"Garland, TX",817-478-1288,dispatch@wasteadvantagetx.com,https://wasteadvantagetx.com,roll-off; commercial; recycling,Not verified,Not verified,53,High,30,3,5,15,City of Garland — Approved Franchise Haulers,https://www.garlandtx.gov/3771/Approved-Hauler-List,
109,Waste Partners of Texas,"Houston, TX",218-587-8727,Info@wastepartnersinc.com,https://wastepartnersinc.com,roll-off; residential; commercial; recycling,Not verified,Not verified,53,High,30,3,5,15,City of Houston — Franchised Commercial Solid Waste Haulers,https://www.houstontx.gov/ara/franchise/solid_waste_hauler_operators.pdf,
110,Excell Disposal Waste Containers,"Houston, TX",813-644-3940,carriers@lanefinder.com,https://loadguard.ai,commercial solid waste franchise; reverify current status,Not verified,Not verified,53,Medium,30,3,5,15,City of Houston — Franchised Commercial Solid Waste Haulers,https://www.houstontx.gov/ara/franchise/solid_waste_hauler_operators.pdf,
111,Garcia Waste Services LLC,"Denton, TX",214-704-4599,garciawasteservices@gmail.com,https://garciawasteservices.com,Denton permitted waste hauler,Not verified,Not verified,53,Medium,30,3,5,15,City of Denton — 2026 Permitted Waste Haulers,https://www.cityofdenton.com/DocumentCenter/View/14323,
112,"Waste Masters of Texas, LLC","Houston, TX",Not verified,Sales@wastemasterstx.com,https://wastemasterstx.com,roll-off; residential; commercial; recycling,portable toilet,Not verified,53,Medium,30,7,5,11,City of Houston — Franchised Commercial Solid Waste Haulers,https://www.houstontx.gov/ara/franchise/solid_waste_hauler_operators.pdf,
113,Apache Disposal Inc,"New Braunfels, TX",830-914-3900,Not verified,http://apachedisposal.com/,"Construction, Yard Debris, Roll-Off",Not verified,Not verified,53,Medium,30,3,5,15,City of New Braunfels — Permitted Private Haulers,https://www.newbraunfels.gov/4032/Community-Resources,http://apachedisposal.com/
114,BCS Curb Appeal,"College Station, TX",979-777-6795,Not verified,http://www.curbappealmaintenance.com/,commercial recycling / hauling,Not verified,Not verified,53,Medium,30,3,5,15,City of College Station — Franchised Haulers,https://www.cstx.gov/living-here/trash-and-recycling/commercial-services/,https://www.centennialarts.com/ | https://www.centennialarts.com/terms-of-services/ | https://www.centennialarts.com/about-us/ | https://www.centennialarts.com/contact-us/
115,Cheng International Enterprises Inc.dba Budget Waste,"Houston, TX",Not verified,311@houstontx.gov,Not verified,recycling,Not verified,Not verified,53,Medium,35,7,5,6,City of Houston — Franchised Commercial Solid Waste Haulers,https://www.houstontx.gov/ara/franchise/solid_waste_hauler_operators.pdf,
116,"Fill N Go Waste, LLC","Plano, TX",833-345-5646,Not verified,http://www.fillngowasteco.com/,construction & demolition recycling,Not verified,Not verified,53,Medium,30,3,5,15,City of Plano — C&D Permitted Haulers,https://content.civicplus.com/api/assets/tx-plano/92895e8f-c9f6-4259-88b6-ac913cae7660?cache=1800,http://www.fillngowasteco.com/
117,JOTS Rentals,"Garland, TX",903-236-4019,info@jotsrentals.com,https://jotsrentals.com,roll-off; commercial,portable toilet,Not verified,52,High,25,7,5,15,City of Garland — Approved Franchise Haulers,https://www.garlandtx.gov/3771/Approved-Hauler-List,
118,Republic Services,"New Braunfels, TX | Plano, TX",210-304-2700,Not verified,https://www.republicservices.com,roll-off; residential; recycling,Not verified,Not verified,52,Medium,30,3,5,14,City of New Braunfels — Permitted Private Haulers | City of Plano — C&D Permitted Haulers | City of Plano — General Permitted Haulers,https://content.civicplus.com/api/assets/a1b2b099-3346-482b-8fd8-e009a14f449b?cache=1800 | https://content.civicplus.com/api/assets/tx-plano/92895e8f-c9f6-4259-88b6-ac913cae7660?cache=1800 | https://www.newbraunfels.gov/4032/Community-Resources,
119,Joe's Organics,"Austin, TX",Not verified,kasey@joesorganics.com,http://joesorganics.com/,Austin URO licensed private hauler,Not verified,Not verified,52,Medium,30,3,5,14,City of Austin — URO Licensed Haulers,https://www.austintexas.gov/resource-recovery/universal-recycling-ordinance-uro-licensed-haulers,https://joesorganics.com/
120,Alamo Disposal,"New Braunfels, TX",210-998-1718,Not verified,https://alamodisposal.com,roll-off; residential; commercial,Not verified,Not verified,50,Medium,30,3,5,12,City of New Braunfels — Permitted Private Haulers,https://www.newbraunfels.gov/4032/Community-Resources,
121,"Capital Dumpster Services, LLC","Plano, TX",469-445-6577,Not verified,https://www.capitalwaste.com,roll-off; commercial; recycling,Not verified,Not verified,50,Medium,30,3,5,12,City of Plano — General Permitted Haulers,https://content.civicplus.com/api/assets/a1b2b099-3346-482b-8fd8-e009a14f449b?cache=1800,
122,"Clean Earth Specialty Waste Solutions, Inc.","Denton, TX",770-891-2531,Not verified,https://www.cleanearthinc.com,commercial; recycling,Not verified,Not verified,50,Medium,30,3,5,12,City of Denton — 2026 Permitted Waste Haulers,https://www.cityofdenton.com/DocumentCenter/View/14323,
123,Five Star Waste & Recycling,"Garland, TX",214-920-1600,Not verified,https://fivestarwasteandrecycling.com,residential; recycling,Not verified,Not verified,50,Medium,30,3,5,12,City of Garland — Approved Franchise Haulers,https://www.garlandtx.gov/3771/Approved-Hauler-List,
124,"Hazmat Environmental Services, Inc.","Denton, TX",972-243-1210,Not verified,https://www.usahazmat.com,roll-off; recycling,Not verified,Not verified,50,Medium,30,3,5,12,City of Denton — 2026 Permitted Waste Haulers,https://www.cityofdenton.com/DocumentCenter/View/14323,
125,RS Waste Services dba Reststop Portable Toilets,"Houston, TX",281-587-1111,Not verified,http://houston.businesslistus.com,residential; commercial,Not verified,Not verified,50,Medium,30,3,5,12,City of Houston — Franchised Commercial Solid Waste Haulers,https://www.houstontx.gov/ara/franchise/solid_waste_hauler_operators.pdf,
126,"Sharps Environmental Services, Inc","Denton, TX",713-660-3544,Not verified,https://www.sharpsinc.com,residential; commercial; recycling,Not verified,Not verified,50,Medium,30,3,5,12,City of Denton — 2026 Permitted Waste Haulers,https://www.cityofdenton.com/DocumentCenter/View/14323,
127,Steel Waste Inc,"Houston, TX",214-426-6566,Not verified,https://www.okonrecycling.com,roll-off; commercial; recycling,Not verified,Not verified,50,Medium,30,3,5,12,City of Houston — Franchised Commercial Solid Waste Haulers,https://www.houstontx.gov/ara/franchise/solid_waste_hauler_operators.pdf,
128,Tradebe Transportation LLC,"Denton, TX",219-808-7567,Not verified,https://www.tradebe.com,commercial; recycling,Not verified,Not verified,50,Medium,30,3,5,12,City of Denton — 2026 Permitted Waste Haulers,https://www.cityofdenton.com/DocumentCenter/View/14323,
129,Triumvirate Environmental Services LLC,"Denton, TX",562-906-2633,Not verified,https://www.triumvirate.com,residential; commercial; recycling,Not verified,Not verified,50,Medium,30,3,5,12,City of Denton — 2026 Permitted Waste Haulers,https://www.cityofdenton.com/DocumentCenter/View/14323,
130,"Restaurant Technologies, Inc.","Denton, TX",612-747-0759,Not verified,https://directory.nationalrestaurantshow.com,Denton permitted waste hauler,Not verified,Not verified,50,Medium,30,3,5,12,City of Denton — 2026 Permitted Waste Haulers,https://www.cityofdenton.com/DocumentCenter/View/14323,
131,"Tuco Brothers Waste, Inc","Houston, TX",832-896-8085,Not verified,https://tuco-brothers-waste-services.houstondirect.us,commercial solid waste franchise; reverify current status,Not verified,Not verified,50,Medium,30,3,5,12,City of Houston — Franchised Commercial Solid Waste Haulers,https://www.houstontx.gov/ara/franchise/solid_waste_hauler_operators.pdf,
132,V. F. Waste Service dba V.F. Trash Service,"Houston, TX",800-321-6742,Not verified,https://www.osha.gov,commercial solid waste franchise; reverify current status,Not verified,Not verified,50,Medium,30,3,5,12,City of Houston — Franchised Commercial Solid Waste Haulers,https://www.houstontx.gov/ara/franchise/solid_waste_hauler_operators.pdf,
133,Bayou City Waste Systems,"Houston, TX",Not verified,Not verified,https://bayoucitywaste.com/,commercial solid waste franchise; reverify current status,Not verified,Not verified,49,Low,30,3,5,11,City of Houston — Franchised Commercial Solid Waste Haulers,https://www.houstontx.gov/ara/franchise/solid_waste_hauler_operators.pdf,https://bayoucitywaste.com/
134,City Waste,"Houston, TX",Not verified,Not verified,http://www.city-waste.com/,commercial solid waste franchise; reverify current status,Not verified,Not verified,49,Low,30,3,5,11,City of Houston — Franchised Commercial Solid Waste Haulers,https://www.houstontx.gov/ara/franchise/solid_waste_hauler_operators.pdf,http://www.city-waste.com/
135,Efficient PM Solutions,"Austin, TX",Not verified,Not verified,https://efficientpmsolutions.com/,Austin URO licensed private hauler,Not verified,Not verified,49,Low,30,3,5,11,City of Austin — URO Licensed Haulers,https://www.austintexas.gov/resource-recovery/universal-recycling-ordinance-uro-licensed-haulers,https://efficientpmsolutions.com/
136,Twister Waste,"Houston, TX",Not verified,Not verified,https://twisterwaste.wixsite.com/,commercial solid waste franchise; reverify current status,Not verified,Not verified,49,Low,30,3,5,11,City of Houston — Franchised Commercial Solid Waste Haulers,https://www.houstontx.gov/ara/franchise/solid_waste_hauler_operators.pdf,https://twisterwaste.wixsite.com/
137,BFI Waste Services Of texas LP,"Houston, TX",202-640-1748,contact@highergov.com,Not verified,commercial solid waste franchise; reverify current status,Not verified,Not verified,48,Medium,30,3,5,10,City of Houston — Franchised Commercial Solid Waste Haulers,https://www.houstontx.gov/ara/franchise/solid_waste_hauler_operators.pdf,
138,Gold Star Disposal,"Garland, TX",214-517-2243,hello@roserocket.com,Not verified,Not verified,Not verified,Not verified,48,Medium,30,3,5,10,City of Garland — Approved Franchise Haulers,https://www.garlandtx.gov/3771/Approved-Hauler-List,
139,Trash Queen formerly Maldonado Discount Waste,"Garland, TX",214-631-4400,hello@roserocket.com,Not verified,Not verified,Not verified,Not verified,48,Medium,30,3,5,10,City of Garland — Approved Franchise Haulers,https://www.garlandtx.gov/3771/Approved-Hauler-List,
140,Trash Queen Waste& Recycling,"Plano, TX",214-631-4400,hello@roserocket.com,Not verified,construction & demolition recycling,Not verified,Not verified,48,Medium,30,3,5,10,City of Plano — C&D Permitted Haulers,https://content.civicplus.com/api/assets/tx-plano/92895e8f-c9f6-4259-88b6-ac913cae7660?cache=1800,
141,Independent Waste,"Garland, TX | New Braunfels, TX | Plano, TX",210-934-0628,Not verified,Not verified,"Commercial Recycling, Construction, Yard Debris | construction & demolition recycling",Not verified,Not verified,47,Low,30,3,5,9,City of Garland — Approved Franchise Haulers | City of New Braunfels — Permitted Private Haulers | City of Plano — C&D Permitted Haulers,https://content.civicplus.com/api/assets/tx-plano/92895e8f-c9f6-4259-88b6-ac913cae7660?cache=1800 | https://www.garlandtx.gov/3771/Approved-Hauler-List | https://www.newbraunfels.gov/4032/Community-Resources,
142,Gulf Coast Waste Service,"Houston, TX",Not verified,Not verified,https://www.hometowndumpsterrental.com,roll-off; commercial; recycling,Not verified,Not verified,46,Medium,30,3,5,8,City of Houston — Franchised Commercial Solid Waste Haulers,https://www.houstontx.gov/ara/franchise/solid_waste_hauler_operators.pdf,
143,Roll Off King,"Houston, TX",Not verified,Not verified,https://gflenv.com,roll-off; residential; commercial; recycling,Not verified,Not verified,46,Medium,30,3,5,8,City of Houston — Franchised Commercial Solid Waste Haulers,https://www.houstontx.gov/ara/franchise/solid_waste_hauler_operators.pdf,
144,"All Tex Recycling and Disposal, inc.","Houston, TX",Not verified,Not verified,https://www.texasdisposal.com,commercial solid waste franchise; reverify current status,Not verified,Not verified,46,Low,30,3,5,8,City of Houston — Franchised Commercial Solid Waste Haulers,https://www.houstontx.gov/ara/franchise/solid_waste_hauler_operators.pdf,
145,Bayou City Waste Environmental,"Houston, TX",Not verified,Not verified,https://bayoucitywaste.com,commercial solid waste franchise; reverify current status,Not verified,Not verified,46,Low,30,3,5,8,City of Houston — Franchised Commercial Solid Waste Haulers,https://www.houstontx.gov/ara/franchise/solid_waste_hauler_operators.pdf,
146,Reliable Roll-Off Services LLC,"Houston, TX",Not verified,Not verified,https://www.simarolloffllc.com,commercial solid waste franchise; reverify current status,Not verified,Not verified,46,Low,30,3,5,8,City of Houston — Franchised Commercial Solid Waste Haulers,https://www.houstontx.gov/ara/franchise/solid_waste_hauler_operators.pdf,
147,Specialized Waste Systems,"Houston, TX",Not verified,Not verified,https://rocketreach.co,commercial solid waste franchise; reverify current status,Not verified,Not verified,46,Low,30,3,5,8,City of Houston — Franchised Commercial Solid Waste Haulers,https://www.houstontx.gov/ara/franchise/solid_waste_hauler_operators.pdf,
148,"Stericycle Specialty Waste Solutions, Inc.","Houston, TX",Not verified,Not verified,https://www.stericycle.com,commercial solid waste franchise; reverify current status,Not verified,Not verified,46,Low,30,3,5,8,City of Houston — Franchised Commercial Solid Waste Haulers,https://www.houstontx.gov/ara/franchise/solid_waste_hauler_operators.pdf,
149,Tres Amigos Recycling DBA-B&B Waste Transit Inc.,"Garland, TX",972-579-9296,Not verified,Not verified,residential; commercial,Not verified,Not verified,45,Medium,30,3,5,7,City of Garland — Approved Franchise Haulers,https://www.garlandtx.gov/3771/Approved-Hauler-List,
150,"Alliance Recovery, LLC","Denton, TX",800-794-4408,Not verified,Not verified,Denton permitted waste hauler,Not verified,Not verified,45,Low,30,3,5,7,City of Denton — 2026 Permitted Waste Haulers,https://www.cityofdenton.com/DocumentCenter/View/14323,
